{
	"{4518668d}": {},
	"{6620968b}": {
		"mScriptName": "TFT3_KassadinBasicAttack",
		"mSpell": {
			"mAffectsTypeFlags": 8143,
			"mAlternateName": "KassadinBasicAttack",
			"delayCastOffsetPercent": -0.31220000982284546,
			"bHaveHitEffect": true,
			"castRange": [
				49.400001525878906,
				49.400001525878906,
				49.400001525878906,
				49.400001525878906,
				49.400001525878906,
				49.400001525878906,
				49.400001525878906
			],
			"castRadius": [
				100,
				100,
				100,
				100,
				100,
				100,
				100
			],
			"castConeDistance": 100,
			"castFrame": 8.039999961853027,
			"missileSpeed": 0,
			"mHitEffectOrientType": 2,
			"mHitEffectKey": "TFT_Global_BA_Hit",
			"bHaveHitBone": true,
			"mHitBoneName": "C_BUFFBONE_GLB_CHEST_LOC",
			"selectionPriority": 1,
			"mTargetingTypeData": {}
		}
	},
	"{7e4d453b}": {
		"mScriptName": "TFT3_KassadinBasicAttack2",
		"mSpell": {
			"mAffectsTypeFlags": 8143,
			"mAlternateName": "KassadinBasicAttack2",
			"delayCastOffsetPercent": -0.31220000982284546,
			"bHaveHitEffect": true,
			"castRange": [
				49.400001525878906,
				49.400001525878906,
				49.400001525878906,
				49.400001525878906,
				49.400001525878906,
				49.400001525878906,
				49.400001525878906
			],
			"castRadius": [
				100,
				100,
				100,
				100,
				100,
				100,
				100
			],
			"castConeDistance": 100,
			"castFrame": 7.800000190734863,
			"missileSpeed": 0,
			"mHitEffectOrientType": 2,
			"mHitEffectKey": "TFT_Global_BA_Hit",
			"bHaveHitBone": true,
			"mHitBoneName": "C_BUFFBONE_GLB_CHEST_LOC",
			"selectionPriority": 1,
			"mTargetingTypeData": {}
		}
	},
	"{9ecbc403}": {
		"mScriptName": "TFT3_KassadinCritAttack",
		"mSpell": {
			"mAffectsTypeFlags": 8143,
			"delayCastOffsetPercent": -0.31220000982284546,
			"bHaveHitEffect": true,
			"castRange": [
				49.400001525878906,
				49.400001525878906,
				49.400001525878906,
				49.400001525878906,
				49.400001525878906,
				49.400001525878906,
				49.400001525878906
			],
			"castRadius": [
				100,
				100,
				100,
				100,
				100,
				100,
				100
			],
			"castConeDistance": 100,
			"castFrame": 7.679999828338623,
			"missileSpeed": 0,
			"mHitEffectOrientType": 2,
			"mHitEffectKey": "TFT_Global_BA_Crit",
			"bHaveHitBone": true,
			"mHitBoneName": "C_BUFFBONE_GLB_CHEST_LOC",
			"selectionPriority": 1,
			"mTargetingTypeData": {}
		}
	},
	"{b8f5ed12}": {
		"mScriptName": "TFT3_KassadinE",
		"mSpell": {
			"mAffectsTypeFlags": 6154,
			"mDataValues": [
				{
					"mName": "Damage",
					"mValues": [
						100,
						250,
						400,
						800,
						300,
						300,
						300
					],
					"{3f95426c}": false
				},
				{
					"mName": "Duration",
					"mValues": [
						3,
						2.5,
						3,
						3.5,
						3,
						3,
						3
					],
					"{3f95426c}": false,
					"mBaseP": 3,
					"mFormula": "P + 0"
				}
			],
			"mImgIconName": [
				""
			],
			"mCastTime": 0.25,
			"delayCastOffsetPercent": -0.5,
			"delayTotalTimePercent": -0.5,
			"mCantCancelWhileWindingUp": true,
			"alwaysSnapFacing": true,
			"useAnimatorFramerate": true,
			"castRange": [
				25000,
				25000,
				25000,
				25000,
				25000,
				25000,
				25000
			],
			"castRadius": [
				350,
				350,
				350,
				350,
				350,
				350,
				350
			],
			"castConeAngle": 40,
			"castConeDistance": 550,
			"castFrame": 18,
			"missileSpeed": 0,
			"mTargetingTypeData": {},
			"mSpellCooldownOrSealedQueueThreshold": 0.5,
			"{00f7e5bc}": true,
			"mSpellCalculations": {
				"TotalDamage": {
					"mFormulaParts": [
						{
							"mSubpart": {
								"mDataValue": "Damage"
							},
							"mRatio": 0.009999999776482582,
							"{a5749b52}": "scaleAP",
							"mStyleTag": "noScale"
						}
					]
				}
			}
		},
		"mBuff": {
			"mDescription": "game_buff_tooltip_ForcePulse"
		}
	},
	"{6e3c1fb5}": {
		"{f2c13b77}": "ASSETS/Characters/TFT3_Kassadin/HUD/TFT3_Kassadin_Square.TFT_Set3.dds",
		"tier": 3,
		"mLinkedTraits": [
			{
				"TraitData": "{d89e035d}"
			},
			{
				"TraitData": "{3eed7287}"
			}
		],
		"mMoveInterval": -0.10000000149011612,
		"mMoveProximity": 180,
		"mMoveRange": 500,
		"mMoveHeight": 0,
		"mInitialMana": 40,
		"mCharacterName": "TFT3_Kassadin",
		"baseHP": 800,
		"baseStaticHPRegen": 0,
		"primaryAbilityResource": {
			"arType": 0,
			"arBase": 80,
			"arBaseStaticRegen": 0
		},
		"baseDamage": 50,
		"baseArmor": 30,
		"baseSpellBlock": 20,
		"baseCritChance": 0.25,
		"critDamageMultiplier": 1.5,
		"baseMoveSpeed": 500,
		"attackRange": 180,
		"attackSpeed": 0.6499999761581421,
		"basicAttack": {
			"mAttackName": "TFT3_KassadinBasicAttack"
		},
		"extraAttacks": [
			{
				"mAttackName": "TFT3_KassadinBasicAttack2"
			}
		],
		"critAttacks": [
			{
				"mAttackName": "TFT3_KassadinCritAttack"
			}
		],
		"spellNames": [
			"TFT3_KassadinE",
			"BaseSpell",
			"BaseSpell",
			"BaseSpell"
		],
		"unitTagsString": "Champion",
		"flags": 9446664
	}
}